INSERT INTO wahlvorschlaege
VALUES ('00000000-0000-0000-0000-000000000001', 'wahlbezirkID', 'wahlID', 'stimmzettelgebietID');

INSERT INTO wahlvorschlag
VALUES ('00000000-0000-0000-0001-000000000001', 1, 'Die Besten', 1,
        '00000000-0000-0000-0000-000000000001');
INSERT INTO kandidat
VALUES ('00000000-0000-0000-0001-000000000001', 'Clapton', 1, 0, 10, 0,
        '00000000-0000-0000-0001-000000000001');
INSERT INTO kandidat
VALUES ('00000000-0000-0000-0001-000000000002', 'Jagger', 2, 0, 11, 0,
        '00000000-0000-0000-0001-000000000001');
INSERT INTO kandidat
VALUES ('00000000-0000-0000-0001-000000000003', 'Prince', 3, 0, 15, 0,
        '00000000-0000-0000-0001-000000000001');
INSERT INTO kandidat
VALUES ('00000000-0000-0000-0001-000000000004', 'Mac', 4, 0, 16, 1,
        '00000000-0000-0000-0001-000000000001');
INSERT INTO kandidat
VALUES ('00000000-0000-0000-0001-000000000005', 'Cool', 5, 1, 25, 1,
        '00000000-0000-0000-0001-000000000001');

INSERT INTO wahlvorschlag
VALUES ('00000000-0000-0000-0001-000000000002', 2, 'Die Zweitbesten', 1,
        '00000000-0000-0000-0000-000000000001');
INSERT INTO kandidat
VALUES ('00000000-0000-0000-0001-000000000006', 'Bush', 1, 0, 10, 0,
        '00000000-0000-0000-0001-000000000002');
INSERT INTO kandidat
VALUES ('00000000-0000-0000-0001-000000000007', 'Clinton', 2, 0, 11, 0,
        '00000000-0000-0000-0001-000000000002');
INSERT INTO kandidat
VALUES ('00000000-0000-0000-0001-000000000008', 'Biden', 3, 0, 15, 0,
        '00000000-0000-0000-0001-000000000002');
INSERT INTO kandidat
VALUES ('00000000-0000-0000-0001-000000000009', 'Lincoln', 4, 0, 16, 1,
        '00000000-0000-0000-0001-000000000002');
INSERT INTO kandidat
VALUES ('00000000-0000-0000-0001-000000000010', 'Reagan', 5, 1, 25, 1,
        '00000000-0000-0000-0001-000000000002');

INSERT INTO wahlvorschlag
VALUES ('00000000-0000-0000-0001-000000000003', 3, 'Die Drittbesten', 1,
        '00000000-0000-0000-0000-000000000001');
INSERT INTO kandidat
VALUES ('00000000-0000-0000-0001-000000000011', 'Bush', 1, 0, 10, 0,
        '00000000-0000-0000-0001-000000000003');
INSERT INTO kandidat
VALUES ('00000000-0000-0000-0001-000000000012', 'Clinton', 2, 0, 11, 0,
        '00000000-0000-0000-0001-000000000003');
INSERT INTO kandidat
VALUES ('00000000-0000-0000-0001-000000000013', 'Biden', 3, 0, 15, 0,
        '00000000-0000-0000-0001-000000000003');
INSERT INTO kandidat
VALUES ('00000000-0000-0000-0001-000000000014', 'Lincoln', 4, 0, 16, 1,
        '00000000-0000-0000-0001-000000000003');
INSERT INTO kandidat
VALUES ('00000000-0000-0000-0001-000000000015', 'Reagan', 5, 1, 25, 1,
        '00000000-0000-0000-0001-000000000003');


INSERT INTO referendumvorlagen
VALUES ('00000000-0000-0000-0002-000000000001', 'wahlbezirkID', 'wahlID', 'stimmzettelgebietID');

INSERT INTO referendumvorlage
VALUES ('00000000-0000-0002-0002-000000000001', 'wahlvorschlagID', 1, 'kurzname1', 'frage1',
        '00000000-0000-0000-0002-000000000001');
INSERT INTO referendumoption
VALUES ('00000000-0002-0002-0002-000000000001', 'name1', 1,
        '00000000-0000-0002-0002-000000000001');
INSERT INTO referendumoption
VALUES ('00000000-0002-0002-0002-000000000002', 'name2', 2,
        '00000000-0000-0002-0002-000000000001');
INSERT INTO referendumoption
VALUES ('00000000-0002-0002-0002-000000000003', 'name3', 3,
        '00000000-0000-0002-0002-000000000001');

INSERT INTO referendumvorlage
VALUES ('00000000-0000-0002-0002-000000000002', 'wahlvorschlagID', 2, 'kurzname2', 'frage2',
        '00000000-0000-0000-0002-000000000001');
INSERT INTO referendumoption
VALUES ('00000000-0002-0002-0002-000000000004', 'name1', 1,
        '00000000-0000-0002-0002-000000000002');
INSERT INTO referendumoption
VALUES ('00000000-0002-0002-0002-000000000005', 'name2', 2,
        '00000000-0000-0002-0002-000000000002');


INSERT INTO referendumvorlage
VALUES ('00000000-0000-0002-0002-000000000003', 'wahlvorschlagID', 3, 'kurzname3', 'frage3',
        '00000000-0000-0000-0002-000000000001');
INSERT INTO referendumoption
VALUES ('00000000-0002-0002-0002-000000000006', 'name1', 1,
        '00000000-0000-0002-0002-000000000003');
